[
  {
		"name": "Shark",
		"resourceType": "Luxury",
		"terrainsCanBeFoundOn": ["Coast","Ocean"],
		"gold": 1,
		"food": 1,
		"improvement": "Fishing Boats",
		"improvementStats": {"food": 1,"gold": 1}
	},
	{
		"name": "Turtle",
		"resourceType": "Luxury",
		"terrainsCanBeFoundOn": ["Coast","Ocean"],
		"gold": 2,
		"improvement": "Fishing Boats",
		"improvementStats": {"gold": 1}
	},
	{
		"name": "Coral",
		"resourceType": "Luxury",
		"terrainsCanBeFoundOn": ["Coast"],
		"gold": 2,
		"improvement": "Fishing Boats",
		"improvementStats": {"gold": 1}
	},
	{
		"name": "Shrimp",
		"resourceType": "Luxury",
		"terrainsCanBeFoundOn": ["Coast"],
		"gold": 1,
		"food": 1,
		"improvement": "Fishing Boats",
		"improvementStats": {"food": 1}
	},
	{
		"name": "Oyster",
		"resourceType": "Luxury",
		"terrainsCanBeFoundOn": ["Coast"],
		"food": 2,
		"improvement": "Fishing Boats",
		"improvementStats": {"food": 1}
	},
	{
		"name": "Lapis Lazuli",
		"resourceType": "Luxury",
		"revealedBy": "Mining",
		"terrainsCanBeFoundOn": ["Hill","Grassland","Plains"],
		"gold": 2,
		"improvement": "Mine",
		"improvementStats": {"gold": 1}
	},
	{
		"name": "Sulfur",
		"resourceType": "Bonus",
		"revealedBy": "Mining",
		"terrainsCanBeFoundOn": ["Hill","Grassland","Plains"],
		"production": 2,
		"improvement": "Mine",
		"improvementStats": {"production": 1}
	},
	{
		"name": "Amber",
		"resourceType": "Luxury",
		"revealedBy": "Mining",
		"terrainsCanBeFoundOn": ["Jungle","Forest"],
		"gold": 2,
		"improvement": "Mine",
		"improvementStats": {"gold": 1}
	},
	{
		"name": "Lead",
		"resourceType": "Luxury",
		"revealedBy": "Mining",
		"terrainsCanBeFoundOn": ["Hill","Grassland","Plains"],
		"production": 2,
		"improvement": "Mine",
		"improvementStats": {"production": 1}
	},
	{
	  "name": "Mercury",
		"resourceType": "Luxury",
		"revealedBy": "Mining",
		"terrainsCanBeFoundOn": ["Hill","Grassland","Plains"],
		"production": 2,
		"improvement": "Mine",
		"improvementStats": {"production": 1}
	},
  {
		"name": "Jade",
		"resourceType": "Luxury",
		"revealedBy": "Mining",
		"terrainsCanBeFoundOn": ["Hill","Grassland","Plains"],
		"gold": 2,
		"improvement": "Mine",
		"improvementStats": {"gold": 1}
	},
	{
		"name": "Tin",
		"resourceType": "Luxury",
		"terrainsCanBeFoundOn": ["Hill","Grassland","Plains"],
		"gold": 1,
		"production": 1,
		"improvement": "Mine",
		"improvementStats": {"gold": 1, "production": 1}
	},
	{
		"name": "Graphite",
		"resourceType": "Luxury",
		"revealedBy": "Chemistry",
		"terrainsCanBeFoundOn": ["Hill","Grassland","Plains"],
		"gold": 1,
		"production": 1,
		"improvement": "Mine",
		"improvementStats": {"gold": 1, "production": 1}
	},
	{
		"name": "Platinum",
		"resourceType": "Luxury",
		"revealedBy": "Chemistry",
		"terrainsCanBeFoundOn": ["Hill","Grassland","Plains"],
		"gold": 1,
		"production": 1,
		"improvement": "Mine",
		"improvementStats": {"gold": 1, "production": 1}
	},
	{
		"name": "Titanium",
		"resourceType": "Strategic",
		"revealedBy": "Chemistry",
		"terrainsCanBeFoundOn": ["Hill","Grassland","Plains"],
		"gold": 1,
		"production": 1,
		"improvement": "Mine",
		"improvementStats": {"gold": 1, "production": 1}
	},
	{
		"name": "Obsidian",
		"resourceType": "Bonus",
		"terrainsCanBeFoundOn": ["Hill"],
		"production": 2,
		"improvement": "Mine",
		"improvementStats": {"production": 1}
	},
	{
		"name": "Diamond",
		"resourceType": "Luxury",
		"revealedBy": "Mining",
		"terrainsCanBeFoundOn": ["Hill","Grassland","Plains"],
		"gold": 2,
		"improvement": "Mine",
		"improvementStats": {"gold": 1}
	},
	{
		"name": "Mango",
		"resourceType": "Bonus",
		"terrainsCanBeFoundOn": ["Jungle"],
		"gold": 1,
		"food": 1,
		"improvement": "Plantation",
		"improvementStats": {"food": 1}
	},
	{
		"name": "Pineapple",
		"resourceType": "Luxury",
		"terrainsCanBeFoundOn": ["Jungle"],
		"gold": 1,
		"food": 1,
		"improvement": "Plantation",
		"improvementStats": {"gold": 1,"food": 1}
	},
	{
		"name": "Apple",
		"resourceType": "Bonus",
		"terrainsCanBeFoundOn": ["Forest"],
		"gold": 1,
		"food": 1,
		"improvement": "Plantation",
		"improvementStats": {"food": 1}
	},
	{
		"name": "Olive",
		"resourceType": "Luxury",
		"terrainsCanBeFoundOn": ["Plains","Grassland"],
		"gold": 1,
		"food": 1,
		"improvement": "Plantation",
		"improvementStats": {"gold": 1,"food": 1}
	},
	{
		"name": "Strawberry",
		"resourceType": "Luxury",
		"terrainsCanBeFoundOn": ["Hill","Forest"],
		"gold": 1,
		"food": 1,
		"improvement": "Plantation",
		"improvementStats": {"gold": 1,"food": 1}
	},
	{
		"name": "Blueberry",
		"resourceType": "Luxury",
		"terrainsCanBeFoundOn": ["Hill","Forest","Plains"],
		"gold": 1,
		"food": 1,
		"improvement": "Plantation",
		"improvementStats": {"gold": 1,"food": 1}
	},
	{
		"name": "Dates",
		"resourceType": "Luxury",
		"terrainsCanBeFoundOn": ["Plains","Grassland","Flood plains","Desert"],
		"gold": 1,
		"food": 1,
		"improvement": "Plantation",
		"improvementStats": {"gold": 1}
	},
	{
		"name": "Melon",
		"resourceType": "Bonus",
		"terrainsCanBeFoundOn": ["Jungle","Grassland","Plains"],
		"food": 2,
		"improvement": "Plantation",
		"improvementStats": {"food": 1}
	},
	{
		"name": "Coconut",
		"resourceType": "Luxury",
		"terrainsCanBeFoundOn": ["Jungle"],
		"gold": 1,
		"food": 1,
		"improvement": "Plantation",
		"improvementStats": {"gold":1,"food": 1}
	},
  {
		"name": "Hemp",
		"resourceType": "Bonus",
		"terrainsCanBeFoundOn": ["Hill","Grassland","Plains"],
		"gold": 1,
		"food": 1,
		"production": 1,
		"improvement": "Farm",
		"improvementStats": {"gold": 1, "production": 1}
	},
	{
		"name": "Rice",
		"resourceType": "Bonus",
		"terrainsCanBeFoundOn": ["Flood plains","Grassland","Plains"],
		"food": 2,
		"improvement": "Farm",
		"improvementStats": {"food": 1}
	},
	{
		"name": "Rubber",
		"resourceType": "Luxury",
		"terrainsCanBeFoundOn": ["Jungle","Forest"],
		"gold": 1,
		"production": 1,
		"improvement": "Plantation",
		"improvementStats": {"gold": 1,"production": 1}
	},
	{
		"name": "Perfume",
		"resourceType": "Luxury",
		"terrainsCanBeFoundOn": ["Jungle","Forest","Plains","Grassland","Hill"],
		"gold": 2,
		"improvement": "Plantation",
		"improvementStats": {"gold": 1}
	},
	{
		"name": "Tobacco",
		"resourceType": "Luxury",
		"terrainsCanBeFoundOn": ["Jungle","Forest","Hill"],
		"gold": 2,
		"improvement": "Plantation",
		"improvementStats": {"gold": 1}
	},
	{
		"name": "Papyrus",
		"resourceType": "Bonus",
		"terrainsCanBeFoundOn": ["Jungle","Forest","Plains","Grassland","Flood plains"],
		"production": 2,
		"improvement": "Farm",
		"improvementStats": {"production": 1}
	},
	{
		"name": "Glass",
		"resourceType": "Bonus",
		"terrainsCanBeFoundOn": ["Desert","Hill"],
		"production": 2,
		"improvement": "Mine",
		"improvementStats": {"production": 1}
	},
  {
		"name": "Flax",
		"resourceType": "Bonus",
		"terrainsCanBeFoundOn": ["Hill","Grassland","Plains"],
		"gold": 1,
		"food": 1,
		"improvement": "Farm",
		"improvementStats": {"gold": 1, "production": 1}
	},
	{
		"name": "Carrot",
		"resourceType": "Bonus",
		"terrainsCanBeFoundOn": ["Hill","Grassland","Plains"],
		"food": 2,
		"improvement": "Farm",
		"improvementStats": {"food": 1}
	},
	{
		"name": "Potato",
		"resourceType": "Bonus",
		"terrainsCanBeFoundOn": ["Hill"],
		"food": 2,
		"improvement": "Farm",
		"improvementStats": {"food": 1}
	},
	{
		"name": "Tomato",
		"resourceType": "Bonus",
		"terrainsCanBeFoundOn": ["Hill"],
		"gold": 1,
		"food": 1,
		"improvement": "Farm",
		"improvementStats": {"gold": 1, "food": 1}
	},
	{
		"name": "Pumpkin",
		"resourceType": "Bonus",
		"terrainsCanBeFoundOn": ["Plains","Grassland"],
		"gold": 1,
		"food": 1,
		"improvement": "Farm",
		"improvementStats": {"gold": 1, "food": 1}
	},
	{
		"name": "Moringa",
		"resourceType": "Luxury",
		"terrainsCanBeFoundOn": ["Plains","Grassland","Jungle"],
		"food": 1,
		"gold": 1,
		"improvement": "Plantation",
		"improvementStats": {"gold": 1, "food": 1}
	},
	{
		"name": "Corn",
		"resourceType": "Luxury",
		"terrainsCanBeFoundOn": ["Grassland","Flood plains","Hill"],
		"gold": 1,
		"food": 1,
		"improvement": "Farm",
		"improvementStats": {"gold": 1, "food": 1}
	},
	{
		"name": "Bell Pepper",
		"resourceType": "Luxury",
		"terrainsCanBeFoundOn": ["Jungle","Flood plains","Plains","Grassland"],
		"gold": 1,
		"food": 1,
		"improvement": "Farm",
		"improvementStats": {"gold": 1, "food": 1}
	},
	{
		"name": "Sweet Potato",
		"resourceType": "Luxury",
		"terrainsCanBeFoundOn": ["Jungle","Flood plains"],
		"gold": 1,
		"food": 1,
		"improvement": "Farm",
		"improvementStats": {"gold": 1, "food": 1}
	},
	{
		"name": "Kelp",
		"resourceType": "Luxury",
		"terrainsCanBeFoundOn": ["Coast"],
		"gold": 1,
		"food": 1,
		"improvement": "Fishing Boats",
		"improvementStats": {"food": 1,"gold": 1}
	},
	{
		"name": "Gypsum",
		"resourceType": "Luxury",
		"revealedBy": "Chemistry",
		"terrainsCanBeFoundOn": ["Hill","Grassland","Plains"],
		"gold": 2,
		"improvement": "Mine",
		"improvementStats": {"gold": 1}
	},
	{
		"name": "Goat",
		"resourceType": "Bonus",
		"revealedBy": "Animal Husbandry",
		"terrainsCanBeFoundOn": ["Hill","Grassland","Plains"],
		"food": 2,
		"improvement": "Pasture",
		"improvementStats": {"food": 1}
	},
	{
		"name": "Camel",
		"resourceType": "Strategic",
		"revealedBy": "Animal Husbandry",
		"terrainsCanBeFoundOn": ["Desert","Flood plains","Plains","Grassland"],
		"food": 1,
		"gold": 1,
		"improvement": "Pasture",
		"improvementStats": {"food": 1, "gold": 1}
	},
	{
		"name": "Lobster",
		"resourceType": "Luxury",
		"terrainsCanBeFoundOn": ["Coast"],
		"food": 1,
		"gold": 1,
		"improvement": "Fishing Boats",
		"improvementStats": {"food": 1, "gold": 1}
	},
	{
		"name": "Chili",
		"resourceType": "Luxury",
		"terrainsCanBeFoundOn": ["Jungle","Hill","Flood plains"],
		"food": 1,
		"gold": 1,
		"improvement": "Farm",
		"improvementStats": {"food": 1, "gold": 1}
	},
	{
		"name": "Common Pepper",
		"resourceType": "Luxury",
		"terrainsCanBeFoundOn": ["Jungle","Hill"],
		"food": 1,
		"gold": 1,
		"improvement": "Farm",
		"improvementStats": {"food": 1, "gold": 1}
	},
	{
		"name": "Onion",
		"resourceType": "Luxury",
		"terrainsCanBeFoundOn": ["Plains","Hill","Grassland"],
		"food": 2,
		"improvement": "Farm",
		"improvementStats": {"food": 1}
	},
	{
		"name": "Garlic",
		"resourceType": "Luxury",
		"terrainsCanBeFoundOn": ["Plains","Hill","Grassland"],
		"food": 2,
		"improvement": "Farm",
		"improvementStats": {"food": 1}
	},
	{
		"name": "Nut",
		"resourceType": "Luxury",
		"terrainsCanBeFoundOn": ["Jungle","Hill","Grassland","Plains"],
		"food": 1,
		"gold": 1,
		"improvement": "Farm",
		"improvementStats": {"food": 1, "gold": 1}
	},
	{
		"name": "Chicken",
		"resourceType": "Bonus",
		"terrainsCanBeFoundOn": ["Hill","Plains","Grassland","Forest","Jungle"],
		"food": 2,
		"improvement": "Chicken Coop",
		"improvementStats": {"food": 1}
	},
	{
		"name": "Honey",
		"resourceType": "Luxury",
		"terrainsCanBeFoundOn": ["Hill","Plains","Grassland"],
		"food": 1,
		"gold": 1,
		"improvement": "Apiary",
		"improvementStats": {"gold": 1}
	},
	{
		"name": "Watermelon",
		"resourceType": "Luxury",
		"terrainsCanBeFoundOn": ["Plains","Hill","Grassland","Jungle"],
		"food": 2,
		"gold": 2,
		"improvement": "Plantation",
		"improvementStats": {"food": 1, "gold": 1}
	},
	{
		"name": "Purple Yam",
		"resourceType": "Bonus",
		"terrainsCanBeFoundOn": ["Hill","Jungle"],
		"food": 2,
		"gold": 1,
		"improvement": "Farm",
		"improvementStats": {"food": 1}
	},
	{
		"name": "Taro",
		"resourceType": "Bonus",
		"terrainsCanBeFoundOn": ["Hill","Jungle","Marsh"],
		"food": 2,
		"improvement": "Farm",
		"improvementStats": {"food": 1}
	},
	{
		"name": "Bitter Gourd",
		"resourceType": "Bonus",
		"terrainsCanBeFoundOn": ["Jungle","Marsh"],
		"food": 2,
		"improvement": "Farm",
		"improvementStats": {"food": 1}
	}
  ]
