[
  {
		"name": "Marine",
		"unitType": "Melee",
		"movement": 2,
		"strength": 65,
		"cost": 400,
		"requiredTech": "Pharmaceuticals",
		"upgradesTo": "Enhanced Recon Troop",
		"obsoleteTech": "Nanotechnology",
		"uniques": ["Amphibious", "Defense bonus when embarked", "+1 Visibility Range"],
		"hurryCostModifier": 20,
		"attackSound": "shot"
	},
	{
		"name": "Mechanized Infantry",
		"unitType": "Melee",
		"movement": 3,
		"strength": 90,
		"cost": 375,
		"requiredTech": "Mobile Tactics",
		"upgradesTo": "Enhanced Infantry",
		"obsoleteTech": "Nanotechnology",
		"hurryCostModifier": 20,
		"attackSound": "shot"
	},
  	{
		"name": "Camel Warrior",
		"unitType": "Mounted",
		"movement": 4,
		"strength": 13,
		"cost": 75,
		"requiredTech": "Horseback Riding",
		"requiredResource": "Camel",
		"upgradesTo": "Heavy Camel Warrior",
		"obsoleteTech": "Chivalry",
		"uniques": ["No defensive terrain bonus","Can move after attacking","Penalty vs City 33%"],
		"hurryCostModifier": 20,
		"attackSound": "metalhit"
	},
	{
		"name": "Heavy Camel Warrior",
		"unitType": "Mounted",
		"movement": 4,
		"strength": 21,
		"cost": 120,
		"requiredTech": "Chivalry",
		"requiredResource": "Camel",
		"upgradesTo": "Cavalry",
		"obsoleteTech": "Military Science",
		"uniques": ["No defensive terrain bonus","Can move after attacking","Penalty vs City 33%"],
		"hurryCostModifier": 20,
		"attackSound": "metalhit"
	},
	{
		"name": "Camel Bowman",
		"unitType": "Ranged",
		"movement": 4,
		"strength": 12,
		"rangedStrength": 14,
		"cost": 75,
		"requiredTech": "Horseback Riding",
		"requiredResource": "Camel",
		"upgradesTo": "Heavy Camel Bowman",
		"obsoleteTech": "Machinery",
		"uniques": ["No defensive terrain bonus","Can move after attacking","Penalty vs City 33%"],
		"hurryCostModifier": 20,
		"attackSound": "arrow"
	},
	{
		"name": "Heavy Camel Bowman",
		"unitType": "Ranged",
		"movement": 4,
		"strength": 16,
		"rangedStrength": 20,
		"cost": 120,
		"requiredTech": "Machinery",
		"requiredResource": "Camel",
		"upgradesTo": "Cavalry",
		"obsoleteTech": "Military Science",
		"uniques": ["No defensive terrain bonus","Can move after attacking","Penalty vs City 33%"],
		"hurryCostModifier": 20,
		"attackSound": "arrow"
	},
  	{
		"name": "Camel Archer",
		"replaces": "Knight",
		"uniqueTo": "Arabia",
		"unitType": "Ranged",
		"movement": 4,
		"strength": 17,
		"rangedStrength": 21,
		"cost": 120,
		"requiredTech": "Chivalry",
		"requiredResource": "Camel",
		"upgradesTo": "Cavalry",
		"obsoleteTech": "Military Science",
		"uniques": ["Can move after attacking","No defensive terrain bonus"],
		"hurryCostModifier": 20,
		"attackSound": "arrow"
	},
	{
		"name": "Enhanced Infantry",
		"unitType": "Melee",
		"movement": 3,
		"strength": 95,
		"cost": 380,
		"requiredTech": "Nanotechnology",
		"requiredResource": "Titanium",
		"uniques": ["Can move after attacking","No defensive terrain bonus"],
		"hurryCostModifier": 20
	},
	{
		"name": "Enhanced Recon Troop",
		"unitType": "Melee",
		"movement": 4,
		"strength": 90,
		"cost": 350,
		"requiredTech": "Nanotechnology",
		"requiredResource": "Titanium",
		"uniques": ["+1 Visibility Range","Ignores terrain cost"],
		"hurryCostModifier": 20
	},
	{
		"name": "Hover Tank",
		"unitType": "Armor",
		"movement": 4,
		"strength": 110,
		"cost": 400,
		"requiredTech": "Nanotechnology",
		"requiredResource": "Titanium",
		"uniques": ["Can move after attacking","Ignores terrain cost"],
		"hurryCostModifier": 20
	}
  ]
