[
  {
		"name": "Deity",
		"baseHappiness": 10,
		"extraHappinessPerLuxury": -1,
		"researchCostModifier": 0,
		"unitCostModifier": 1,
		"unitSupplyBase": 5,
		"unitSupplyPerCity": 2,
		"buildingCostModifier": 1,
		"policyCostModifier": 1,
		"unhappinessModifier": 1,
		"barbarianBonus": 0,
		"barbarianSpawnDelay": 0,
		"playerBonusStartingUnits": [],
		"aiCityGrowthModifier": 0.6,
		"aiUnitCostModifier": 0.5,
		"aiBuildingCostModifier": 0.5,
		"aiWonderCostModifier": 1,
		"aiBuildingMaintenanceModifier": 0.5,
		"aiUnitMaintenanceModifier": 0.5,
		"aiUnitSupplyModifier": 0.5,
		"aiFreeTechs": ["Pottery","Animal Husbandry","Mining","The Wheel", "Archery"],
		"aiMajorCivBonusStartingUnits": ["Settler", "Worker", "Scout", "Era Starting Unit", "Era Starting Unit", "Era Starting Unit"],
		"aiCityStateBonusStartingUnits": [],
		"aiUnhappinessModifier": 0.7,
		"aisExchangeTechs": true,
		"turnBarbariansCanEnterPlayerTiles": -1,
		"clearBarbarianCampReward": 20
	}
]
