[
  {
		"name": "Shipwreck", // was Great Barrier Reef
		"type": "NaturalWonder",
		"production": 2,
    "gold": 5,
		"science": 1,
		"occursOn": ["Ocean"],
		"uniques": ["Must be adjacent to [1] to [6] [Coast] tiles",
			"Must be adjacent to [6] [Water] tiles",
			"Occurs on latitudes from [10] to [70] percent of distance equator to pole",
			"Occurs in groups of [2] to [2] tiles",
			"Neighboring tiles will convert to [Coast]"],
		"turnsInto": "Coast",
		"impassable": true,
		"unbuildable": true,
		"weight": 10
	}
]
