[
  {
		"name": "Stele",
		"replaces": "Monument",
		"uniqueTo": "Ilumara Ira",
		"culture": 2,
		"faith": 2,
		"cost": 40,
		"hurryCostModifier": 40,
		"maintenance": 1,
		"uniques": ["Destroyed when the city is captured"] //"Hidden when religion is disabled"
	},
	{
		"name": "Paper Maker",
		"replaces": "Library",
		"uniqueTo": "Azibhania",
		"hurryCostModifier": 25,
		"gold": 2,
		"uniques": ["[+1 Science] per [2] population [in this city]"],
		"requiredTech": "Writing"
	},
	{
		"name": "Floating Gardens",
		"replaces": "Water Mill",
		"uniqueTo": "Ilumara Ira",
		"food": 2,
		"production": 1,
		"uniques": ["[+2 Food] from [Lakes] tiles [in this city]", "Must be next to [Fresh water]"],
		"hurryCostModifier": 25,
		"maintenance": 1,
		"percentStatBonus": {"food": 15},
		"requiredTech": "The Wheel"
	},
	{
		"name": "Walls of Babylon",
		"replaces": "Walls",
		"cost": 65,
		"uniqueTo": "Azibhania",
		"cityStrength": 6,
		"cityHealth": 100,
		"hurryCostModifier": 25,
		"requiredTech": "Masonry",
		"uniques": ["Destroyed when the city is captured"]
	},
	{
		"name": "Krepost",
		"replaces": "Barracks",
		"uniqueTo": "Chediluen",
		"hurryCostModifier": 25,
		"maintenance": 1,
		"uniques": ["[-25]% Culture cost of natural border growth [in this city]","[-25]% Gold cost of acquiring tiles [in this city]",
			"New [Military] units start with [15] Experience [in this city]", "Destroyed when the city is captured"],
		"requiredTech": "Bronze Working"
	},
	{
		"name": "Burial Tomb",
		"replaces": "Temple",
		"uniqueTo": "Azibhania",
		"maintenance": 0,
		"uniques": ["Doubles Gold given to enemy if city is captured"],
		"faith": 2,
		"happiness": 2,
		"requiredBuilding": "Shrine",
		"hurryCostModifier": 25,
		"requiredTech": "Philosophy"
	},
	{
		"name": "Mud Pyramid Mosque",
		"replaces": "Temple",
		"uniqueTo": "Chediluen",
		"maintenance": 0,
		"hurryCostModifier": 25,
		"culture": 2,
		"faith": 2,
		"requiredBuilding": "Shrine",
		"requiredTech": "Philosophy"
	},
	{
		"name": "Bazaar",
		"replaces": "Market",
		"uniqueTo": "Azibhania",
		"gold": 2,
		"specialistSlots": {"Merchant": 1},
		"hurryCostModifier": 25,
		"percentStatBonus": {"gold": 25},
		"uniques": ["Provides 1 extra copy of each improved luxury resource near this City",
			"[+2 Gold] from [Oil] tiles [in this city]", "[+2 Gold] from [Oasis] tiles [in this city]"],
		"requiredTech": "Currency"
	},
	{
		"name": "Longhouse",
		"replaces": "Workshop",
		"uniqueTo": "Chediluen",
		"cost": 100,
		"maintenance": 2,
		"production": 2,
		"specialistSlots": {"Engineer": 1},
		"hurryCostModifier": 25,
		"uniques": ["[+1 Production] from [Forest] tiles [in this city]"],
		"requiredTech": "Metal Casting"
	},
	{
		"name": "Wat",
		"replaces": "University",
		"uniqueTo": "Azibhania",
		"maintenance": 2,
		"hurryCostModifier": 15,
		"percentStatBonus": {"science": 33},
		"specialistSlots": {"Scientist": 2},
		"culture": 3,
		"requiredBuilding": "Library",
		"uniques": ["[+2 Science] from [Jungle] tiles [in this city]"],
		"requiredTech": "Education"
	},
	{
		"name": "Mughal Fort",
		"cost": 150,
		"replaces": "Castle",
		"uniqueTo": "Chediluen",
		"cityStrength": 7,
		"cityHealth": 25,
		"culture": 2,
		"hurryCostModifier": 25,
		"requiredBuilding": "Walls",
		"uniques": ["[+1 Gold] [in this city] <after discovering [Flight]>", "Destroyed when the city is captured"],
		"requiredTech": "Chivalry"
	},
	{
		"name": "Ceilidh Hall",
		"replaces": "Opera House",
		"uniqueTo": "Azibhania",
		"culture": 4,
		"happiness": 3,
		"specialistSlots": {"Artist": 1},
		"hurryCostModifier": 10,
		"requiredBuilding": "Amphitheater",
		"maintenance": 2,
		"requiredTech": "Acoustics",
		"uniques": ["Destroyed when the city is captured"]
	},
	{
		"name": "Satrap's Court",
		"replaces": "Bank",
		"uniqueTo": "Chediluen",
		"gold": 2,
		"specialistSlots": {"Merchant": 1},
		"happiness": 2,
		"hurryCostModifier": 15,
		"percentStatBonus": {"gold": 25},
		"requiredBuilding": "Market",
		"requiredTech": "Banking"
	},
	{
		"name": "Coffee House",
		"replaces": "Windmill",
		"uniqueTo": "Azibhania",
		"production": 2,
		"percentStatBonus": {"production": 10},
		"specialistSlots": {"Engineer": 1},
		"hurryCostModifier": 25,
		"maintenance": 2,
		"uniques": ["[+25]% Great Person generation [in this city]"],
		"requiredTech": "Economics"
	},
	{
		"name": "Slave Market",
		"replaces": "Market",
		"uniqueTo": "Ilumara Ira",
		"specialistSlots": {"Merchant": 1},
		"hurryCostModifier": 25,
		"percentStatBonus": {"gold": 25},
		"uniques": ["+[33]% production when building [Worker] in this city","[+2 Gold] from [Plantation] tiles in this city"]
		"requiredTech": "Currency"
	},
	{
		"name": "Folkloric Comparse",
		"replaces": "Amphitheater",
		"cost": 110,
		"requiredTech": "Philosophy",
		"requiredBuilding": "Monument",
		"maintenance": 1,
		"happiness": 1,
		"culture": 4,
		"specialistSlots": {"Artist": 2},
		"greatPersonPoints": {"Great Artist": 1},
		"uniqueTo": "Ilumara Ira",
	},
	{
		"name": "Peruvian Restaurant",
		"replaces": "Broadcast Tower",
		"requiredTech": "Radio",
		"requiredBuilding": "Museum",
		"maintenance": 3,
		"food": 2,
		"culture": 3,
		"gold": 1,
		"percentStatBonus": {"culture": 25},
		"uniqueTo": "Azibhania",
	},
	{
		"name": "Criollo Cannon",
		"cost": 200,
		"hurryCostModifier": -40,
		"requiredTech": "Chemistry",
		"maintenance": 1,
		"cityStrength": 10,
		"uniqueTo": "Chediluen",
		"uniques": ["[+15]% Strength <when fighting units from a Civilization with more Cities than you>",
				"Unlocked with [Oligarchy]",
				"[+1 Culture] <after discovering [Combined Arms]>",
				"Destroyed when the city is captured"],
		
	},
	{
		"name": "Social Change (Tradition)",
		"uniqueTo": "Ilumara Ira",
		"isNationalWonder": true,
		"cost": 150,
		"requiredBuilding": "Palace",
		"uniques": ["Will not be displayed in Civilopedia","Requires [Tradition]","Free Technology"],
	},
		{
		"name": "Social Change (Liberty)",
		"uniqueTo": "Ilumara Ira",
		"isNationalWonder": true,
		"cost": 150,
		"requiredBuilding": "Palace",
		"uniques": ["Will not be displayed in Civilopedia","Requires [Liberty]","Free Technology"],
	},
		{
	"name": "Social Change (Honor)",
	"uniqueTo": "Ilumara Ira",
	"isNationalWonder": true,
	"cost": 150,
	"requiredBuilding": "Palace",
	"uniques": ["Will not be displayed in Civilopedia","Requires [Honor]","Free Technology"],
	},
		{
	"name": "Social Change (Piety)",
	"uniqueTo": "Ilumara Ira",
	"isNationalWonder": true,
	"cost": 250,
	"requiredBuilding": "Palace",
	"uniques": ["Will not be displayed in Civilopedia","Requires [Piety]","Free Technology"],
	},
		{
	"name": "Social Change (Commerce)",
	"uniqueTo": "Ilumara Ira",
	"isNationalWonder": true,
	"cost": 350,
	"requiredBuilding": "Palace",
	"uniques": ["Will not be displayed in Civilopedia","Requires [Commerce]","Free Technology"],
	},
			{
	"name": "Social Change (Rationalism)",
	"uniqueTo": "Ilumara Ira",
	"isNationalWonder": true,
	"cost": 500,
	"requiredBuilding": "Palace",
	"uniques": ["Will not be displayed in Civilopedia","Requires [Rationalism]","Free Technology"],
	},
			{
	"name": "Social Change (Freedom)",
	"uniqueTo": "Ilumara Ira",
	"isNationalWonder": true,
	"cost": 500,
	"requiredBuilding": "Palace",
	"uniques": ["Will not be displayed in Civilopedia","Requires [Freedom]","Free Technology"],
	},
			{
		"name": "Social Change (Autocracy)",
		"uniqueTo": "Ilumara Ira",
		"isNationalWonder": true,
		"cost": 700,
		"requiredBuilding": "Palace",
		"uniques": ["Will not be displayed in Civilopedia","Requires [Autocracy]","Free Technology"],
	},
		{
		"name": "Winery",
		"replaces": "Market",
		"uniqueTo": "Chediluen",
		"gold": 2,
		"culture": 2,
		"specialistSlots": {"Merchant": 1},
		"hurryCostModifier": 25,
		"percentStatBonus": {"gold": 25},
		"requiredTech": "Currency",
		"uniques": ["[+3 Gold] from [Wine] tiles in this city"],
	}
  ]
