[
	{
		"name": "Azibhania",
		"leaderName": "Aim Peirce",
		"adjective": ["Imperial"],
		"preferredVictoryType": "Diplomatic",
		
		"startIntroPart1": "It has been revealed that this land has many valuable resources to the empire, and that there might be enemies of the hiding here. Commander, you are to investigate, claim the resources for the empire and, if enemies are to be found, destroy them.",
		"startIntroPart2": "Do not fail me, General. You have been chosen personally to lead an occupation of this planet, and I will be overseeing your progress. Failure will not be tolerated.",					
		
		"declaringWar": "Your lack of foresight will be your demise.",
		"attacked": "I will show you the power of the Dark Side.",
		"defeated": "Nooooooo",
		"introduction": "...",
		"neutralHello": "...Speak",		
		"neutralLetsHearIt": "An offer?",
		"neutralNo": "No.",
		"neutralYes": "It is...Acceptable.",
		"hateHello": "I am surprised you still live.",	
		"hateLetsHearIt": "...Speak Fast.",
		"hateNo": "No",
		"hateYes": "It is...Acceptable.",
		"afterPeace": "Enjoy your order, for now...",
		"tradeRequest": "It would not be wise to enrage my master.",
		
		"outerColor": [245,245,245],
		"innerColor": [10,10,10],
		"uniqueName": "Altering the deal",
		"uniques": ["Science gained from research agreements [+100]%",
		"[+1 Science] from every [Mine]",
		"[+1 Production] from every [Iron]",
		"[+1 Culture] from every [Aluminum]",
		"Starts with [Iron Working]",
    "Starts with [Animal Husbandry]",
    "Starts with [Pottery]",
    "Starts with [Archery]",
     "Starts with [Mining]",
    "Can construct [Holy Place]",
    "May choose [2] additional belief(s) of any type when [founding] a religion",
    "[+25]% Production when constructing [All] buildings [in all cities]",
    "Pastures yield additional 1 Food and 1 Culture. Earn [150]% of [Land] opponent's [Strength] as [Gold] for kills"]
		"cities": ["Coruscant","Kamino","Nevarro","Bacrana","Balosar","Bandomeer","Naboo","Dathomir","Illum","Alzoc","Byss","Corulag"]
	},
	{
		"name": "Chediluen",
		"leaderName": "Hollena Planeta",
		"adjective": ["Rebel"],
		"preferredVictoryType": "Diplomatic",
		
		"startIntroPart1": "Greetings. It seems the force has brought us together. I hear you got to survey and establish a base in this planet. I too have heard of there being suspicious activity here so I'm trying to supervise myself. Might as well set up a base since we're here anyway.",
		"startIntroPart2": "Danger is always around the corner though, so make sure to be careful. Good luck, and may the force be with you.",					
		
		"declaringWar": "You're leaving behind a trail of chaos and destruction, I will have to stop you.",
		"attacked": "Get ready! We're under attack!",
		"defeated": "No way, and I was just getting started...",
		"introduction": "Ever been out of a job? I can teach you moisture farming.",
		"neutralHello": "Luke Skywalker, reporting in.",		
		"neutralLetsHearIt": "You have an offer?",
		"neutralNo": "Il pass on that.",
		"neutralYes": "Il take it",
		"hateHello": "I can feel the conflict within you.",	
		"hateLetsHearIt": "You better thread carefully.",
		"hateNo": "Il pass on that.",
		"hateYes": "Il take it",
		"afterPeace": "It's never too late, not even for you.",
		"tradeRequest": "It seems the force has brought us together.",
		
		"outerColor": [245,245,245],
		"innerColor": [238,0,0],
		"uniqueName": "A New Hope",
		"uniques": ["[+25]% great person generation [in all cities]",
		"[-50]% Food consumption by specialists [in all cities]",
		"[+33]% Production when constructing [Fighter] units [in all cities]",
		"[+33]% Production when constructing [Bomber] units [in all cities]",
    "Starts with [Animal Husbandry]",
    "Starts with [Pottery]",
    "Starts with [Archery]",
    "Starts with [Mining]",
    		"May choose [2] additional belief(s) of any type when [founding] a religion",
        "[-25]% Production when constructing [All] buildings [in all cities]",
		"Pay only one third the usual cost for naval unit maintenance","[+2 Food, +2 Culture, +2 Gold] from every [Harbor]",
		"Receive 10% bonus toward correspondent Great Person when you build an unique specialist building in your Empire for the first time"]
		"cities": ["Yavin 4", "Hoth", "Endor", "Dantooine", "Aldeeran", "Dantooine", "Ando", "Dagobah", "Castilon", "Eadu", "Kuat", "Mimbam", "Shilli", "Wrea", "Vandor", "Lothal"]
	},
{
		"name": "Ilumara Ira",
		"leaderName": "Eula Tempest",
		"adjective": ["Tempresa"],
		"preferredVictoryType": "Diplomatic",
		
		"startIntroPart1": "WIP.",
		"startIntroPart2": "WIP.",					
		
		"declaringWar": "It appears there are many who want you dead, and so you will be.",
		"attacked": "No one double crosses Jabba and lives.",
		"defeated": "Fool! At least with me the underworld was under control, but soon one worse than me shall rise.",
		"introduction": "If there's money to be made, we will get it.",
		"neutralHello": "Come to me with a deal?",		
		"neutralLetsHearIt": "You have an offer?",
		"neutralNo": "I could have you hung for that.",
		"neutralYes": "You know how to do business",
		"hateHello": "I can feel the conflict within you.",	
		"hateLetsHearIt": "You are hard to kill.",
		"hateNo": "I could have you hung for that.",
		"hateYes": "You know how to do business.",
		"afterPeace": "This is not peace, but a pause",
		"tradeRequest": "My latest batch of shipments has arrived.",
		
		"outerColor": [128,255,0],
		"innerColor": [0,255,255],
		"uniqueName": "Kingdom of a City Nation",
		"uniques": ["[+10]% Strength <when fighting units from a Civilization with more Cities than you>",
		"May capture killed [All] units",
		"[-10]% Strength <vs [Barbarian] units>",
		"[+10]% Strength <vs [City-State] units>",
		"May choose [3] additional belief(s) of any type when [founding] a religion",
    		"[+25]% Production when constructing [All] buildings [in all cities]",
		"\"Borrows\" city names from other civilizations in the game",
		"No movement cost to pillage <for [Melee] units>",
		"Earn [100]% of killed [Military] unit's [Strength] as [Culture]", "Earn [100]% of killed [Military] unit's [Strength] as [Faith]",
		"+10% Strength when fighting City-State units and cities",
		"Receive triple Gold from pillaging Cities",
		"When defeating a [{Barbarian} {Water}] unit, earn [30] Gold and recruit it <with [100]% chance>", "When conquering an encampment, earn [30] Gold and recruit a Barbarian unit <with [100]% chance>",
		"When defeating a [{Enemy} {Water}] unit, recruit it <with [100]% chance>", "Recruit a Enemy unit <with [100]% chance>",
		"Cannot build [Settler] units"]
		"cities": ["Central Heart", "Gira", "Fleyja Angnara"]
	}
]
