[
  	{
		"name": "Auckland",
		"adjective": ["Aucklander"],
		"cityStateType": "Industrial",

		"declaringWar": "War over peace? We shall fight!",
		"attacked": "You'll suffer greatly when we win!",
		"defeated": "May we live in your honor of victory over us",
		"outerColor": [0, 0, 0],
		"innerColor": [0,180,111],
		"cities": ["Auckland"],
	},
	{
		"name": "Fez",
		"adjective": ["Fezian"],
		"cityStateType": "Scientific",

		"declaringWar": "War it must be!",
		"attacked": "You scum!",
		"defeated": "A defeat is a defeat.",
		"outerColor": [0, 0, 0],
		"innerColor": [2,24,54],
		"cities": ["Fez"],
	},
	{
		"name": "Ife",
		"adjective": ["Ife"],
		"cityStateType": "Religious",

		"declaringWar": "You leave us no choice. War it must be.",
		"attacked": "Very well, this shall not be forgotten.",
		"defeated": "We... defeated? No... we had so much work to do!",
		"outerColor": [0, 0, 0],
		"innerColor": [174, 194, 185],
		"cities": ["Ife"]
	},
	{
		"name": "Budapest",
		"adjective": ["Budapestian"],
		"cityStateType": "Militaristic",

		"declaringWar": "You leave us no choice. War it must be.",
		"attacked": "Very well, this shall not be forgotten.",
		"defeated": "How could we fall to the likes of you?!",
		"outerColor": [0, 0, 0],
		"innerColor": [242, 92, 58],
		"cities": ["Budapest"]
	},
	{
		"name": "Llanfairpwllgwyngyll",
		"adjective": ["Welsh"],
		"cityStateType": "Militaristic",

		"declaringWar": "You leave us no choice. War it must be.",
		"attacked": "Very well, this shall not be forgotten.",
		"defeated": "How could we fall to the likes of you?!",
		"outerColor": [0, 0, 0],
		"innerColor": [157,172,255],
		"cities": ["Llanfairpwllgwyngyll"]
	},
	{
		"name": "Hong Kong",
		"adjective": ["Chinese"],
		"cityStateType": "Mercantile",
		"startBias": ["Coast"],

		"declaringWar": "You leave us no choice. War it must be.",
		"attacked": "Very well, this shall not be forgotten.",
		"defeated": "They will write songs of this.... pray that they shall be in your favor.",
		"outerColor": [0, 0, 0],
		"innerColor": [255, 51, 51],
		"cities": ["Hong Kong"]
	},
	{
		"name": "Cebu",
		"adjective": ["Cebuano"],
		"cityStateType": "Maritime",

		"declaringWar": "You leave us no choice. War it must be.",
		"attacked": "Very well, this shall not be forgotten.",
		"defeated": "Ah, Gods! Why have you forsaken us?",
		"outerColor": [0, 0, 0],
		"innerColor": [25, 149, 156],
		"cities": ["Cebu"]
	},
	{
		"name": "Davao City",
		"adjective": ["Dabawenyo"],
		"cityStateType": "Maritime",

		"declaringWar": "You leave us no choice. War it must be.",
		"attacked": "Very well, this shall not be forgotten.",
		"defeated": "Ah, Gods! Why have you forsaken us?",
		"outerColor": [0, 0, 0],
		"innerColor": [25, 149, 156],
		"cities": ["Davao City"]
	},
	{
		"name": "Copenhagen",
		"adjective": ["Copenhagen"],
		"cityStateType": "Militaristic",

		"declaringWar": "You leave us no choice. War it must be.",
		"attacked": "Very well, this shall not be forgotten.",
		"defeated": "So this is how it feels to die...",
		"outerColor": [0, 0, 0],
		"innerColor": [255,255,102],
		"cities": ["Copenhagen"]
	},
	{
		"name": "Ulundi",
		"adjective": ["Zulu"],
		"cityStateType": "Cultured",
		"startBias": ["Avoid [Jungle]"],
		"uniques": ["Will not be displayed in Civilopedia", "Will not be chosen for new games"]
		
		"declaringWar": "You leave us no choice. War it must be.",
		"attacked": "Very well, this shall not be forgotten.",
		"defeated": "Unacceptable!",
		"outerColor": [0, 0, 0],
		"innerColor": [116,55,25],
		"cities": ["Ulundi"]
	},
	{
		"name": "Klussel",
		"adjective": ["Klusselites"],
		"cityStateType": "Industrial",
		"uniques": ["Will not be displayed in Civilopedia", "Will not be chosen for new games"]

		"declaringWar": "War over peace? We shall fight!",
		"attacked": "You'll suffer greatly when we win!",
		"defeated": "May we live in your honor of victory over us",
		"outerColor": [0, 0, 0],
		"innerColor": [255,153,51],
		"cities": ["Klussel"],
	},
	{
		"name": "Walxev",
		"adjective": ["Walxenius"],
		"cityStateType": "Scientific",
		"uniques": ["Will not be displayed in Civilopedia", "Will not be chosen for new games"]

		"declaringWar": "War it must be!",
		"attacked": "You scum!",
		"defeated": "A defeat is a defeat.",
		"outerColor": [0, 0, 0],
		"innerColor": [51,153,255],
		"cities": ["Walxev"],
	},
	{
		"name": "Suzainswellia",
		"adjective": ["Suzainswellian"],
		"cityStateType": "Mercantile",

		"declaringWar": "We have wanted this for a LONG time. War it shall be.",
		"attacked": "Very well, we will kick you back to the ancient era!",
		"defeated": "This isn't how it is supposed to be!",
		"outerColor": [0, 0, 0],
		"innerColor": [102, 178, 255],
		"cities": ["Suzainswellia"]
	}
		
]
