[
{
		"name": "Colziand",
		"leaderName": "Raymond Sheen Caballero",
		"adjective": ["Colziand"],
                 "startBias": ["Coast"],
		"preferredVictoryType": "Diplomatic",
		"startIntroPart1": "Oh Raymond! You who formed a nation of people for God to saved, glorious you are. Thanks be to the mighty Father.",
                "startIntroPart2": "Will you once more rule the world for the Lord's desire.",
		"declaringWar": "Hence, Forth!",
		"attacked": "I'm dissapointed! Why declare destruction, is there no fun in peace and prosperity?",
		"defeated": "Colziand is its people, me, and Him.",
		"introduction": "Kumusta sa'inyo. O estranghero, saan ka galing?",
		"neutralHello": "Oh greeting high above",
		"hateHello": "You speak in pride, I don't wanna hear it",
		"tradeRequest": "It appears that you have a golden interest of our goods",
		"cities": ["Colziane", "Cher-Hon Rishvas", "Rekle-Esieg", "Erion Faith", "Istanbul", "Paris", "Kyoto", "Aitea", "Israel", "Obrero", "DanTDM", "The Ghost & Molly McGee", "Kid Cosmic", "Wander Over Yonder"],
		"outerColor": [1,2,103],
		"innerColor": [4,255,6], 
		"uniqueName": "Cool Kings",
	        "uniqueText": "Adopting new Policy branch may trigger Social Change event in your Capital, which will provide Free Technology once completed.",
		"uniques": ["May buy [All] buildings for [1] [Culture] [in all cities]", "May buy [All] units for [1] [Culture] [in all cities]", "+[9] Movement <for all [All] units>", "[-100]% maintenance costs <for [All] units>", "[4] additional attacks per turn", "[9] Range", "May withdraw before melee ([100]%)", "Visible to others", "May capture killed [All] units", "Can move after attacking", "Can move immediately once bought", "No movement cost to pillage", "[+100] Sight <for [All] units>", "[+1000]% Strength <vs [All] units>", "+[1000] happiness from each type of luxury resource", "[+10 Science, +10 Food, +10 Gold, +10 Production, +10 Culture, +10 Faith, +10 Happiness] from every specialist [in all cities]", "100% chance to earn 25 Gold and recruit a Barbarian unit from a conquered encampment", "[100% chance of capturing defeated Barbarian naval units and earning 25 Gold", "[+10 Science, +10 Food, +10 Gold, +10 Production, +10 Culture, +10 Faith, +10 Happiness] from [All] tiles [in all cities]", "Quantity of Resources gifted by City-States increased by [1000]%", "City-State Influence degrades [1000]% slower", "Resting point for Influence with City-States is increased by [1000]", "Cities are razed [1000] times as fast", "Influence of all other civilizations with all city-states degrades [1000]% faster", "Gifts of Gold to City-States generate [2000]% more Influence", "Golden Age length increased by [1000]%", "[-1000]% tile improvement construction time", "Quantity of strategic resources produced by the empire +[1000]%", "[-1000]% unhappiness from population [in all cities]", "[+1000]% [Production] [in all cities]", "[+1000]% [Food] [in all cities]", "[+1000]% [Gold] [in all cities]", "[+99999]% [Science] [in all cities]", "[+99999]% [Faith] [in all cities]", "[+99999]% [Culture] [in all cities]", "[+100]% Natural religion spread [in all cities]", "Religion naturally spreads to cities [+99999] tiles away", "[+5] Range", "+[5] Movement for [All] units", "[2] additional attacks per turn", "Units fight as though they were at full strength even when damaged", "Embarked units can defend themselves", "\"Borrows\" city names from other civilizations in the game", "Can spend Gold to annex or puppet a City-State that has been your ally for [10] turns.", "May capture killed [All] units", "Can embark and move over Coasts and Oceans immediately", "+[1000]% defensive strength for cities", "Visible to others", "May choose [5] additional belief(s) of any type when [founding] a religion", "Land units may cross [Mountain] tiles after the first [Worker] is earned", "Units ending their turn on [Mountain] tiles take [1] damage"]
},
	{
		"name": "Mod Land",
		"leaderName": "Tsugumi",
		"adjective": ["Otaku"],
                "startBias": ["Coast"],
		"preferredVictoryType": "Diplomatic",
		"startIntroPart1": "Mondification in delight",
		"declaringWar": "get rekd!",
		"attacked": "These is Mod... Mod Land",
		"defeated": "oh well, i guess ill make some more Mods...",
		"introduction": "how much mods does it make to make you?",
		"neutralHello": "moody",
		"hateHello": "oh..you, tell me what you mod",
		"tradeRequest": "It appears that you have a mod of interest",
		"cities": ["Lucky Patcher", "AC Market", "Cree Hack", "Leo Play Card", "Mod Droid", "A1", "An1", "Android1", "Happy Mod", "Android Apk Mods", "Game Guardian", "just...google?"],
		"outerColor": [250,0,0],
		"innerColor": [0,250,0], 
		"uniqueName": "The way of the Mod Lordess",
		"uniques": ["May buy [All] buildings for [100] [Culture] [in all cities]", "May buy [All] units for [100] [Culture] [in all cities]", "[+1 Science, +1 Food, +1 Gold, +1 Production, +1 Culture, +1 Faith, +1 Happiness] from every specialist [in all cities]", "[+1 Science, +1 Food, +1 Gold, +10 Production, +1 Culture, +1 Faith, +1 Happiness] from [All] tiles [in all cities]"]
},
{
		"name": "Salumi",
		"leaderName": "Sofia & Paula Saludo",
		"adjective": ["Salumian"],
		"startBias": ["Plain","Jungle"],
  	        "preferredVictoryType": "Cultural",

		"startIntroPart1": "Be welcomed, princesses. You lead the beatiful and joyful nation of Salumi, a country filled more women than men with great cultural and bio diversity. ...One, two, three! Three had been the attempts to break free - getting terribly punished - but with determination, Salumi emerged to a great nation. Since the start we had a ton of great political division, which brought many problems and conflicts, but despite all the troubles, Salumi ought to help other, no matter what. The conflicts didn't cease until early 21st century, where the sun finally rises over Salumi to achieve greatness.",
// Will you prove and win the argument of the arepas?
		"startIntroPart2": "Princesses, your people want you to lead them to greatness. They want you to convert them in to the best nation. Will you answer the call? Can you fight and triump over the adversities? Can you build a civilization that can stand the pass of time?",

		"declaringWar": "Prepare to lose your empire of opression!",
		"attacked": "You will see how fruitless this will be for you. Wait and see.",
		"defeated":  "I hope you treat my people good, don´t take away their happiness.",
		"introduction":  "Greetings! This is Salumi, our wordeful land. Want a kiss?",
		"neutralHello": "Hello There.",
		"hateHello": "Assh, what do you want?",
		"tradeRequest": "I  thought you might be intested in this...",

	        "outerColor": [255,51,255],
		"innerColor": [255,204,255],

		"uniqueName": "Salumi Chocolate Love",
		"uniques": ["[+3 Culture] from every [Plantation]","[+1 Gold] from every [Plantation]","[+1 Food] from every [Plantation]","[+30]% Strength <vs [Barbarian] units>"],

		"cities": ["Saludo","Libro-Saldos","Medellin","Cali","Barranquilla","Bucaramanga","Cucuta","Villavicencio","Ibague","Santa Marta","Popayan","Valledupar", "Panama","Sogamoso","Barrancabermaja","Tunja","Pereira","Pasto","Duitama","Manizales","Palmira", "Villa de Leyva","Guatape","Neiva","Riohacha","Arauca","Yopal","Buga","Buenaventura","San Andres","Leticia"]
	},
	{
		"name": "Mandalore",
		"leaderName": "Din Djarin",
		"adjective": ["Mandalorian"],
		"startBias": ["Grassland"],
  	        "preferredVictoryType": "Diplomatic",

		"startIntroPart1": "Yo, Mando. So now, your gonna rule over all your people of Mandalore? Ever since you defeated Moff Gideon and won the darksaber, Bo Katan Kryze now wants you lead the new Mandalore.",
		"startIntroPart2": "Mando, I mean Din Djarin. Are you up for the battle to restore Mandalore?",

		"declaringWar": "I could bring you in warm or I could bring you in cold?",
		"attacked": "Dang Ferrick!",
		"defeated":  "I guess this is the way.",
		"introduction":  "Greetings! I am a Mandalorian, you can hire us for work.",
		"neutralHello": "I'm on a bounty.",
		"hateHello": "You have the guts to meet me?!",
		"tradeRequest": "Hey, I think we can agree on this",

	        "outerColor": [3,21,0],
		"innerColor": [2,5,0],

		"uniqueName": "This is the Way",
		"uniques": ["[-76]% maintenance costs <for [Water] units>", ["77% chance to earn 25 Gold and recruit a Barbarian unit from a conquered encampment",
			"[-35]% maintenance costs <for [Land] units>"], "60% chance of capturing defeated Barbarian naval units and earning 25 Gold"],
		"cities": ["Sundari", "Keldabe", "Enceri", "Norg Bral", "Clan Wren", "Kryze", "Bralsin", "Shuror"],
	},    
            {
		"name": "Maid Empire",
		"leaderName": "Maria Campbell",
		"adjective": ["The United Maid"],
		"startIntroPart1": "Hail Empire! All hail for the maid! It's time to make the world look back, it's time to control the world! Maid is not lowly job, we will build new order for the world. It time to rise all sisters!",
		"startIntroPart2": "The Empire is led by Maria, represent for all the maid. With assistance from all maid and their old master, the Empire hopes to bring respect to Maid, and set the new rule for the world. Can they the reach it and become the winners?",
		"declaringWar": "For the Empire, we will defeat you.",
		"attacked": "U fu fu fu fu....., so you chose the war.",
		"defeated": "So, we lost, but us will never fail.",
		"introduction": "Hi, I am Maria Campbell, the Maid.",
		"neutralHello": "Welcome.",
		"hateHello": "You again? I don't want to see you now.",
		"tradeRequest": "I have something want to trade with you.",
		"outerColor": [0,0,140],
		"innerColor": [255,255,255],
		"uniqueName": "Maid Policies",
		"uniques": ["[+1 Production, +1 Culture] from every specialist", "[+1 Happiness] [in all cities]",
			"[+1 Happiness, +1 Culture] from every [Castle]", "+[15]% combat bonus for units fighting in [Friendly Land]"],
		"cities": ["Maidlyopolis", "Edonara", "Marianna", "Mariel", "Yuri Alpha", "Belfast", "Sakuya", "Angelina", "Dragon Maid",
			"Hammann", "Farin K. Ehrlichkeit", "Noel K. Ehrlichkeit", "Aqua", "Kaoru", "Wilhelmina Carmel", "Lizlet L. Chelsie", "Mahoro", "Hazuki",
			"Arianna", "Rem-Ram", "Cordelia"]
	    },
	{
		"name": "Cannetalhion",
		"leaderName": "Ghion the Berkion",
		"adjective": ["Netals"],
		"startBias": ["Hills"],
  	        "preferredVictoryType": "Diplomatic",

		"startIntroPart1": "High & high it be the roar to our king of our ancestors realm. This land where we stand, where our ancestors fought and lost blood & soul. We have kept it out of alien invaders. Who want our people dead for our difference from themselves, should we dominate the outsiders or become allies with them for a nation of nations that has been prophesied for a long time. It was when our rebellious past, left the one and only truth. Then came that from domination of those who stray in our lands to a change of letting them in our lands and giving them great hospitality",
		"startIntroPart2": "Prince, O' Future King! Lead us like your heirs and those who lead us before you.",
		"declaringWar": "Our ancesters were not yet much of a civilization but barbarians, we shall vanquish you and become greater than ever.",
		"attacked": "Bahhh! You will become nothing.",
		"defeated":  "We have become nothing!",
		"introduction":  "High Hello to you. To our wonderful realm, have you come to join our might?",
		"neutralHello": "High Hello to you.",
		"hateHello": "Bahhh! What?",
		"tradeRequest": "High Hello to you, I have something to trade with ya.",

	        "outerColor": [3,21,0],
		"innerColor": [2,5,0],

		"uniqueName": "New Beginning",
		"uniques": ["[-76]% maintenance costs <for [Water] units>", ["77% chance to earn 30 Gold and recruit a Barbarian unit from a conquered encampment",
			"[-35]% maintenance costs <for [Land] units>"], "60% chance of capturing defeated Barbarian naval units and earning 25 Gold"],
		"cities": ["Rasthiobel", "Heroinedia", "Berkion", "Poparfont", "Deskraston", "Marbona", "Gingerwhite"]
	},    
	{
		"name": "Edinburgh",
		"adjective": ["Edinburghensian"],
		"cityStateType": "Militaristic",

		"declaringWar": "You shall stain this land no longer with your vileness! To arms, my countrymen - we ride to war!",
		"attacked": "Traitorous man! The Celtic peoples will not stand for such wanton abuse and slander - I shall have your head!",
		"defeated": "Vile ruler, know that you 'won' this war in name only!",
		"outerColor": [0, 0, 0],
		"innerColor": [0,102,102],
		"cities": ["Edinburgh"],
	},
	{
		"name": "Dublin",
		"adjective": ["Dubliner"],
		"cityStateType": "Militaristic",

		"declaringWar": "War lingers in our hearts. Why carry on with a false peace?",
		"attacked": "You gormless radger! You'll dine on your own teeth before you set foot in Ireland!",
		"defeated": "A lonely wind blows through the highlands today. A dirge for Ireland. Can you hear it?",
		"outerColor": [0, 0, 0],
		"innerColor": [211,180,113],
		"cities": ["Dublin"],
	},
	
]
